indicador,sexo,mes,l,m,s
ESTATURA_PARA_IDADE,FEMININO,0,1.000000,49.147700,0.037900
ESTATURA_PARA_IDADE,FEMININO,1,1.000000,53.632600,0.036410
ESTATURA_PARA_IDADE,FEMININO,2,1.000000,57.079600,0.035680
ESTATURA_PARA_IDADE,FEMININO,3,1.000000,59.777300,0.035200
ESTATURA_PARA_IDADE,FEMININO,4,1.000000,62.107100,0.034860
ESTATURA_PARA_IDADE,FEMININO,5,1.000000,64.019000,0.034630
ESTATURA_PARA_IDADE,FEMININO,6,1.000000,65.751000,0.034480
ESTATURA_PARA_IDADE,FEMININO,7,1.000000,67.284200,0.034410
ESTATURA_PARA_IDADE,FEMININO,8,1.000000,68.773200,0.034400
ESTATURA_PARA_IDADE,FEMININO,9,1.000000,70.146300,0.034440
ESTATURA_PARA_IDADE,FEMININO,10,1.000000,71.465600,0.034520
ESTATURA_PARA_IDADE,FEMININO,11,1.000000,72.778800,0.034640
ESTATURA_PARA_IDADE,FEMININO,12,1.000000,74.004900,0.034790
ESTATURA_PARA_IDADE,FEMININO,13,1.000000,75.229700,0.034960
ESTATURA_PARA_IDADE,FEMININO,14,1.000000,76.377000,0.035140
ESTATURA_PARA_IDADE,FEMININO,15,1.000000,77.525800,0.035340
ESTATURA_PARA_IDADE,FEMININO,16,1.000000,78.605500,0.035550
ESTATURA_PARA_IDADE,FEMININO,17,1.000000,79.655900,0.035760
ESTATURA_PARA_IDADE,FEMININO,18,1.000000,80.712100,0.035980
ESTATURA_PARA_IDADE,FEMININO,19,1.000000,81.708000,0.036200
ESTATURA_PARA_IDADE,FEMININO,20,1.000000,82.711600,0.036430
ESTATURA_PARA_IDADE,FEMININO,21,1.000000,83.659500,0.036650
ESTATURA_PARA_IDADE,FEMININO,22,1.000000,84.615400,0.036890
ESTATURA_PARA_IDADE,FEMININO,23,1.000000,85.518400,0.037110
ESTATURA_PARA_IDADE,FEMININO,24,1.000000,85.729900,0.037640
ESTATURA_PARA_IDADE,FEMININO,25,1.000000,86.592200,0.037860
ESTATURA_PARA_IDADE,FEMININO,26,1.000000,87.435800,0.038080
ESTATURA_PARA_IDADE,FEMININO,27,1.000000,88.288100,0.038300
ESTATURA_PARA_IDADE,FEMININO,28,1.000000,89.093800,0.038510
ESTATURA_PARA_IDADE,FEMININO,29,1.000000,89.907200,0.038720
ESTATURA_PARA_IDADE,FEMININO,30,1.000000,90.676500,0.038930
ESTATURA_PARA_IDADE,FEMININO,31,1.000000,91.453900,0.039130
ESTATURA_PARA_IDADE,FEMININO,32,1.000000,92.190600,0.039330
ESTATURA_PARA_IDADE,FEMININO,33,1.000000,92.913500,0.039520
ESTATURA_PARA_IDADE,FEMININO,34,1.000000,93.647300,0.039710
ESTATURA_PARA_IDADE,FEMININO,35,1.000000,94.346000,0.039890
ESTATURA_PARA_IDADE,FEMININO,36,1.000000,95.057200,0.040070
ESTATURA_PARA_IDADE,FEMININO,37,1.000000,95.735600,0.040240
ESTATURA_PARA_IDADE,FEMININO,38,1.000000,96.427000,0.040410
ESTATURA_PARA_IDADE,FEMININO,39,1.000000,97.087100,0.040570
ESTATURA_PARA_IDADE,FEMININO,40,1.000000,97.760100,0.040740
ESTATURA_PARA_IDADE,FEMININO,41,1.000000,98.402800,0.040890
ESTATURA_PARA_IDADE,FEMININO,42,1.000000,99.036900,0.041050
ESTATURA_PARA_IDADE,FEMININO,43,1.000000,99.683400,0.041200
ESTATURA_PARA_IDADE,FEMININO,44,1.000000,100.300700,0.041350
ESTATURA_PARA_IDADE,FEMININO,45,1.000000,100.930100,0.041500
ESTATURA_PARA_IDADE,FEMININO,46,1.000000,101.531200,0.041640
ESTATURA_PARA_IDADE,FEMININO,47,1.000000,102.144600,0.041790
ESTATURA_PARA_IDADE,FEMININO,48,1.000000,102.731200,0.041930
ESTATURA_PARA_IDADE,FEMININO,49,1.000000,103.311300,0.042060
ESTATURA_PARA_IDADE,FEMININO,50,1.000000,103.904500,0.042200
ESTATURA_PARA_IDADE,FEMININO,51,1.000000,104.472700,0.042330
ESTATURA_PARA_IDADE,FEMININO,52,1.000000,105.054100,0.042470
ESTATURA_PARA_IDADE,FEMININO,53,1.000000,105.611400,0.042590
ESTATURA_PARA_IDADE,FEMININO,54,1.000000,106.181700,0.042720
ESTATURA_PARA_IDADE,FEMININO,55,1.000000,106.728400,0.042850
ESTATURA_PARA_IDADE,FEMININO,56,1.000000,107.287800,0.042980
ESTATURA_PARA_IDADE,FEMININO,57,1.000000,107.823800,0.043100
ESTATURA_PARA_IDADE,FEMININO,58,1.000000,108.354700,0.043220
ESTATURA_PARA_IDADE,FEMININO,59,1.000000,108.898100,0.043350
ESTATURA_PARA_IDADE,FEMININO,60,1.000000,109.418900,0.043460
ESTATURA_PARA_IDADE,FEMININO,61,1.000000,109.601600,0.043550
ESTATURA_PARA_IDADE,FEMININO,62,1.000000,110.125800,0.043640
ESTATURA_PARA_IDADE,FEMININO,63,1.000000,110.645100,0.043730
ESTATURA_PARA_IDADE,FEMININO,64,1.000000,111.159600,0.043820
ESTATURA_PARA_IDADE,FEMININO,65,1.000000,111.669600,0.043900
ESTATURA_PARA_IDADE,FEMININO,66,1.000000,112.175300,0.043990
ESTATURA_PARA_IDADE,FEMININO,67,1.000000,112.676700,0.044070
ESTATURA_PARA_IDADE,FEMININO,68,1.000000,113.174000,0.044150
ESTATURA_PARA_IDADE,FEMININO,69,1.000000,113.667200,0.044230
ESTATURA_PARA_IDADE,FEMININO,70,1.000000,114.156500,0.044310
ESTATURA_PARA_IDADE,FEMININO,71,1.000000,114.642100,0.044390
ESTATURA_PARA_IDADE,FEMININO,72,1.000000,115.124400,0.044470
ESTATURA_PARA_IDADE,FEMININO,73,1.000000,115.603900,0.044540
ESTATURA_PARA_IDADE,FEMININO,74,1.000000,116.081200,0.044610
ESTATURA_PARA_IDADE,FEMININO,75,1.000000,116.556800,0.044690
ESTATURA_PARA_IDADE,FEMININO,76,1.000000,117.031100,0.044750
ESTATURA_PARA_IDADE,FEMININO,77,1.000000,117.504400,0.044820
ESTATURA_PARA_IDADE,FEMININO,78,1.000000,117.976900,0.044890
ESTATURA_PARA_IDADE,FEMININO,79,1.000000,118.448900,0.044950
ESTATURA_PARA_IDADE,FEMININO,80,1.000000,118.920800,0.045020
ESTATURA_PARA_IDADE,FEMININO,81,1.000000,119.392600,0.045080
ESTATURA_PARA_IDADE,FEMININO,82,1.000000,119.864800,0.045140
ESTATURA_PARA_IDADE,FEMININO,83,1.000000,120.337400,0.045200
ESTATURA_PARA_IDADE,FEMININO,84,1.000000,120.810500,0.045250
ESTATURA_PARA_IDADE,FEMININO,85,1.000000,121.284300,0.045310
ESTATURA_PARA_IDADE,FEMININO,86,1.000000,121.758700,0.045360
ESTATURA_PARA_IDADE,FEMININO,87,1.000000,122.233800,0.045420
ESTATURA_PARA_IDADE,FEMININO,88,1.000000,122.709800,0.045470
ESTATURA_PARA_IDADE,FEMININO,89,1.000000,123.186800,0.045510
ESTATURA_PARA_IDADE,FEMININO,90,1.000000,123.664600,0.045560
ESTATURA_PARA_IDADE,FEMININO,91,1.000000,124.143500,0.045610
ESTATURA_PARA_IDADE,FEMININO,92,1.000000,124.623400,0.045650
ESTATURA_PARA_IDADE,FEMININO,93,1.000000,125.104500,0.045690
ESTATURA_PARA_IDADE,FEMININO,94,1.000000,125.586900,0.045730
ESTATURA_PARA_IDADE,FEMININO,95,1.000000,126.070600,0.045770
ESTATURA_PARA_IDADE,FEMININO,96,1.000000,126.555800,0.045810
ESTATURA_PARA_IDADE,FEMININO,97,1.000000,127.042400,0.045850
ESTATURA_PARA_IDADE,FEMININO,98,1.000000,127.530400,0.045880
ESTATURA_PARA_IDADE,FEMININO,99,1.000000,128.019900,0.045910
ESTATURA_PARA_IDADE,FEMININO,100,1.000000,128.510900,0.045940
ESTATURA_PARA_IDADE,FEMININO,101,1.000000,129.003500,0.045970
ESTATURA_PARA_IDADE,FEMININO,102,1.000000,129.497500,0.046000
ESTATURA_PARA_IDADE,FEMININO,103,1.000000,129.993200,0.046020
ESTATURA_PARA_IDADE,FEMININO,104,1.000000,130.490400,0.046040
ESTATURA_PARA_IDADE,FEMININO,105,1.000000,130.989100,0.046070
ESTATURA_PARA_IDADE,FEMININO,106,1.000000,131.489500,0.046080
ESTATURA_PARA_IDADE,FEMININO,107,1.000000,131.991200,0.046100
ESTATURA_PARA_IDADE,FEMININO,108,1.000000,132.494400,0.046120
ESTATURA_PARA_IDADE,FEMININO,109,1.000000,132.998900,0.046130
ESTATURA_PARA_IDADE,FEMININO,110,1.000000,133.504600,0.046140
ESTATURA_PARA_IDADE,FEMININO,111,1.000000,134.011800,0.046150
ESTATURA_PARA_IDADE,FEMININO,112,1.000000,134.520200,0.046160
ESTATURA_PARA_IDADE,FEMININO,113,1.000000,135.029900,0.046160
ESTATURA_PARA_IDADE,FEMININO,114,1.000000,135.541000,0.046170
ESTATURA_PARA_IDADE,FEMININO,115,1.000000,136.053300,0.046170
ESTATURA_PARA_IDADE,FEMININO,116,1.000000,136.567000,0.046160
ESTATURA_PARA_IDADE,FEMININO,117,1.000000,137.082100,0.046160
ESTATURA_PARA_IDADE,FEMININO,118,1.000000,137.598700,0.046160
ESTATURA_PARA_IDADE,FEMININO,119,1.000000,138.116700,0.046150
ESTATURA_PARA_IDADE,FEMININO,120,1.000000,138.636300,0.046140
ESTATURA_PARA_IDADE,FEMININO,121,1.000000,139.157500,0.046120
ESTATURA_PARA_IDADE,FEMININO,122,1.000000,139.680300,0.046110
ESTATURA_PARA_IDADE,FEMININO,123,1.000000,140.204900,0.046090
ESTATURA_PARA_IDADE,FEMININO,124,1.000000,140.731300,0.046070
ESTATURA_PARA_IDADE,FEMININO,125,1.000000,141.259400,0.046050
ESTATURA_PARA_IDADE,FEMININO,126,1.000000,141.789200,0.046030
ESTATURA_PARA_IDADE,FEMININO,127,1.000000,142.320600,0.046000
ESTATURA_PARA_IDADE,FEMININO,128,1.000000,142.853400,0.045970
ESTATURA_PARA_IDADE,FEMININO,129,1.000000,143.387400,0.045940
ESTATURA_PARA_IDADE,FEMININO,130,1.000000,143.922200,0.045910
ESTATURA_PARA_IDADE,FEMININO,131,1.000000,144.457500,0.045880
ESTATURA_PARA_IDADE,FEMININO,132,1.000000,144.992900,0.045840
ESTATURA_PARA_IDADE,FEMININO,133,1.000000,145.528000,0.045800
ESTATURA_PARA_IDADE,FEMININO,134,1.000000,146.062200,0.045760
ESTATURA_PARA_IDADE,FEMININO,135,1.000000,146.595100,0.045710
ESTATURA_PARA_IDADE,FEMININO,136,1.000000,147.126200,0.045670
ESTATURA_PARA_IDADE,FEMININO,137,1.000000,147.654800,0.045620
ESTATURA_PARA_IDADE,FEMININO,138,1.000000,148.180400,0.045570
ESTATURA_PARA_IDADE,FEMININO,139,1.000000,148.702300,0.045520
ESTATURA_PARA_IDADE,FEMININO,140,1.000000,149.219700,0.045460
ESTATURA_PARA_IDADE,FEMININO,141,1.000000,149.732200,0.045410
ESTATURA_PARA_IDADE,FEMININO,142,1.000000,150.239000,0.045350
ESTATURA_PARA_IDADE,FEMININO,143,1.000000,150.739400,0.045290
ESTATURA_PARA_IDADE,FEMININO,144,1.000000,151.232700,0.045230
ESTATURA_PARA_IDADE,FEMININO,145,1.000000,151.718200,0.045160
ESTATURA_PARA_IDADE,FEMININO,146,1.000000,152.195100,0.045100
ESTATURA_PARA_IDADE,FEMININO,147,1.000000,152.662800,0.045030
ESTATURA_PARA_IDADE,FEMININO,148,1.000000,153.120600,0.044970
ESTATURA_PARA_IDADE,FEMININO,149,1.000000,153.567800,0.044900
ESTATURA_PARA_IDADE,FEMININO,150,1.000000,154.004100,0.044830
ESTATURA_PARA_IDADE,FEMININO,151,1.000000,154.429000,0.044760
ESTATURA_PARA_IDADE,FEMININO,152,1.000000,154.842300,0.044680
ESTATURA_PARA_IDADE,FEMININO,153,1.000000,155.243700,0.044610
ESTATURA_PARA_IDADE,FEMININO,154,1.000000,155.633000,0.044540
ESTATURA_PARA_IDADE,FEMININO,155,1.000000,156.010100,0.044460
ESTATURA_PARA_IDADE,FEMININO,156,1.000000,156.374800,0.044390
ESTATURA_PARA_IDADE,FEMININO,157,1.000000,156.726900,0.044310
ESTATURA_PARA_IDADE,FEMININO,158,1.000000,157.066600,0.044230
ESTATURA_PARA_IDADE,FEMININO,159,1.000000,157.393600,0.044150
ESTATURA_PARA_IDADE,FEMININO,160,1.000000,157.708200,0.044080
ESTATURA_PARA_IDADE,FEMININO,161,1.000000,158.010200,0.044000
ESTATURA_PARA_IDADE,FEMININO,162,1.000000,158.299700,0.043920
ESTATURA_PARA_IDADE,FEMININO,163,1.000000,158.577100,0.043840
ESTATURA_PARA_IDADE,FEMININO,164,1.000000,158.842500,0.043760
ESTATURA_PARA_IDADE,FEMININO,165,1.000000,159.096100,0.043690
ESTATURA_PARA_IDADE,FEMININO,166,1.000000,159.338200,0.043610
ESTATURA_PARA_IDADE,FEMININO,167,1.000000,159.569100,0.043530
ESTATURA_PARA_IDADE,FEMININO,168,1.000000,159.789000,0.043450
ESTATURA_PARA_IDADE,FEMININO,169,1.000000,159.998300,0.043370
ESTATURA_PARA_IDADE,FEMININO,170,1.000000,160.197100,0.043300
ESTATURA_PARA_IDADE,FEMININO,171,1.000000,160.385700,0.043220
ESTATURA_PARA_IDADE,FEMININO,172,1.000000,160.564300,0.043140
ESTATURA_PARA_IDADE,FEMININO,173,1.000000,160.733200,0.043070
ESTATURA_PARA_IDADE,FEMININO,174,1.000000,160.892700,0.042990
ESTATURA_PARA_IDADE,FEMININO,175,1.000000,161.043000,0.042920
ESTATURA_PARA_IDADE,FEMININO,176,1.000000,161.184500,0.042840
ESTATURA_PARA_IDADE,FEMININO,177,1.000000,161.317600,0.042770
ESTATURA_PARA_IDADE,FEMININO,178,1.000000,161.442500,0.042700
ESTATURA_PARA_IDADE,FEMININO,179,1.000000,161.559600,0.042630
ESTATURA_PARA_IDADE,FEMININO,180,1.000000,161.669200,0.042550
ESTATURA_PARA_IDADE,FEMININO,181,1.000000,161.771700,0.042480
ESTATURA_PARA_IDADE,FEMININO,182,1.000000,161.867300,0.042410
ESTATURA_PARA_IDADE,FEMININO,183,1.000000,161.956400,0.042350
ESTATURA_PARA_IDADE,FEMININO,184,1.000000,162.039300,0.042280
ESTATURA_PARA_IDADE,FEMININO,185,1.000000,162.116400,0.042210
ESTATURA_PARA_IDADE,FEMININO,186,1.000000,162.188000,0.042140
ESTATURA_PARA_IDADE,FEMININO,187,1.000000,162.254200,0.042080
ESTATURA_PARA_IDADE,FEMININO,188,1.000000,162.315400,0.042010
ESTATURA_PARA_IDADE,FEMININO,189,1.000000,162.371900,0.041950
ESTATURA_PARA_IDADE,FEMININO,190,1.000000,162.423900,0.041890
ESTATURA_PARA_IDADE,FEMININO,191,1.000000,162.471700,0.041820
ESTATURA_PARA_IDADE,FEMININO,192,1.000000,162.515600,0.041760
ESTATURA_PARA_IDADE,FEMININO,193,1.000000,162.556000,0.041700
ESTATURA_PARA_IDADE,FEMININO,194,1.000000,162.593300,0.041640
ESTATURA_PARA_IDADE,FEMININO,195,1.000000,162.627600,0.041580
ESTATURA_PARA_IDADE,FEMININO,196,1.000000,162.659400,0.041520
ESTATURA_PARA_IDADE,FEMININO,197,1.000000,162.689000,0.041470
ESTATURA_PARA_IDADE,FEMININO,198,1.000000,162.716500,0.041410
ESTATURA_PARA_IDADE,FEMININO,199,1.000000,162.742500,0.041360
ESTATURA_PARA_IDADE,FEMININO,200,1.000000,162.767000,0.041300
ESTATURA_PARA_IDADE,FEMININO,201,1.000000,162.790400,0.041250
ESTATURA_PARA_IDADE,FEMININO,202,1.000000,162.812600,0.041190
ESTATURA_PARA_IDADE,FEMININO,203,1.000000,162.834000,0.041140
ESTATURA_PARA_IDADE,FEMININO,204,1.000000,162.854500,0.041090
ESTATURA_PARA_IDADE,FEMININO,205,1.000000,162.874300,0.041040
ESTATURA_PARA_IDADE,FEMININO,206,1.000000,162.893500,0.040990
ESTATURA_PARA_IDADE,FEMININO,207,1.000000,162.912000,0.040940
ESTATURA_PARA_IDADE,FEMININO,208,1.000000,162.930000,0.040890
ESTATURA_PARA_IDADE,FEMININO,209,1.000000,162.947600,0.040840
ESTATURA_PARA_IDADE,FEMININO,210,1.000000,162.964900,0.040800
ESTATURA_PARA_IDADE,FEMININO,211,1.000000,162.981700,0.040750
ESTATURA_PARA_IDADE,FEMININO,212,1.000000,162.998300,0.040710
ESTATURA_PARA_IDADE,FEMININO,213,1.000000,163.014400,0.040660
ESTATURA_PARA_IDADE,FEMININO,214,1.000000,163.030000,0.040620
ESTATURA_PARA_IDADE,FEMININO,215,1.000000,163.045100,0.040580
ESTATURA_PARA_IDADE,FEMININO,216,1.000000,163.059500,0.040530
ESTATURA_PARA_IDADE,FEMININO,217,1.000000,163.073300,0.040490
ESTATURA_PARA_IDADE,FEMININO,218,1.000000,163.086200,0.040450
ESTATURA_PARA_IDADE,FEMININO,219,1.000000,163.098200,0.040410
ESTATURA_PARA_IDADE,FEMININO,220,1.000000,163.109200,0.040370
ESTATURA_PARA_IDADE,FEMININO,221,1.000000,163.119200,0.040340
ESTATURA_PARA_IDADE,FEMININO,222,1.000000,163.127900,0.040300
ESTATURA_PARA_IDADE,FEMININO,223,1.000000,163.135500,0.040260
ESTATURA_PARA_IDADE,FEMININO,224,1.000000,163.141800,0.040230
ESTATURA_PARA_IDADE,FEMININO,225,1.000000,163.146900,0.040190
ESTATURA_PARA_IDADE,FEMININO,226,1.000000,163.150800,0.040160
ESTATURA_PARA_IDADE,FEMININO,227,1.000000,163.153400,0.040120
ESTATURA_PARA_IDADE,FEMININO,228,1.000000,163.154800,0.040090
ESTATURA_PARA_IDADE,MASCULINO,0,1.000000,49.884200,0.037950
ESTATURA_PARA_IDADE,MASCULINO,1,1.000000,54.664500,0.035590
ESTATURA_PARA_IDADE,MASCULINO,2,1.000000,58.438400,0.034230
ESTATURA_PARA_IDADE,MASCULINO,3,1.000000,61.401300,0.033290
ESTATURA_PARA_IDADE,MASCULINO,4,1.000000,63.904100,0.032570
ESTATURA_PARA_IDADE,MASCULINO,5,1.000000,65.891200,0.032040
ESTATURA_PARA_IDADE,MASCULINO,6,1.000000,67.643500,0.031650
ESTATURA_PARA_IDADE,MASCULINO,7,1.000000,69.161500,0.031390
ESTATURA_PARA_IDADE,MASCULINO,8,1.000000,70.622400,0.031240
ESTATURA_PARA_IDADE,MASCULINO,9,1.000000,71.971400,0.031170
ESTATURA_PARA_IDADE,MASCULINO,10,1.000000,73.265300,0.031180
ESTATURA_PARA_IDADE,MASCULINO,11,1.000000,74.546400,0.031250
ESTATURA_PARA_IDADE,MASCULINO,12,1.000000,75.739100,0.031370
ESTATURA_PARA_IDADE,MASCULINO,13,1.000000,76.930400,0.031540
ESTATURA_PARA_IDADE,MASCULINO,14,1.000000,78.045100,0.031740
ESTATURA_PARA_IDADE,MASCULINO,15,1.000000,79.161300,0.031970
ESTATURA_PARA_IDADE,MASCULINO,16,1.000000,80.211300,0.032220
ESTATURA_PARA_IDADE,MASCULINO,17,1.000000,81.234000,0.032490
ESTATURA_PARA_IDADE,MASCULINO,18,1.000000,82.262800,0.032790
ESTATURA_PARA_IDADE,MASCULINO,19,1.000000,83.231800,0.033100
ESTATURA_PARA_IDADE,MASCULINO,20,1.000000,84.207400,0.033420
ESTATURA_PARA_IDADE,MASCULINO,21,1.000000,85.129100,0.033750
ESTATURA_PARA_IDADE,MASCULINO,22,1.000000,86.058900,0.034100
ESTATURA_PARA_IDADE,MASCULINO,23,1.000000,86.939200,0.034450
ESTATURA_PARA_IDADE,MASCULINO,24,1.000000,87.130300,0.035080
ESTATURA_PARA_IDADE,MASCULINO,25,1.000000,87.973700,0.035420
ESTATURA_PARA_IDADE,MASCULINO,26,1.000000,88.796400,0.035760
ESTATURA_PARA_IDADE,MASCULINO,27,1.000000,89.624700,0.036100
ESTATURA_PARA_IDADE,MASCULINO,28,1.000000,90.405600,0.036420
ESTATURA_PARA_IDADE,MASCULINO,29,1.000000,91.190600,0.036740
ESTATURA_PARA_IDADE,MASCULINO,30,1.000000,91.929700,0.037040
ESTATURA_PARA_IDADE,MASCULINO,31,1.000000,92.673500,0.037330
ESTATURA_PARA_IDADE,MASCULINO,32,1.000000,93.375300,0.037610
ESTATURA_PARA_IDADE,MASCULINO,33,1.000000,94.061200,0.037870
ESTATURA_PARA_IDADE,MASCULINO,34,1.000000,94.755900,0.038120
ESTATURA_PARA_IDADE,MASCULINO,35,1.000000,95.416800,0.038360
ESTATURA_PARA_IDADE,MASCULINO,36,1.000000,96.088900,0.038580
ESTATURA_PARA_IDADE,MASCULINO,37,1.000000,96.729800,0.038790
ESTATURA_PARA_IDADE,MASCULINO,38,1.000000,97.382700,0.039000
ESTATURA_PARA_IDADE,MASCULINO,39,1.000000,98.006000,0.039190
ESTATURA_PARA_IDADE,MASCULINO,40,1.000000,98.641200,0.039370
ESTATURA_PARA_IDADE,MASCULINO,41,1.000000,99.247100,0.039540
ESTATURA_PARA_IDADE,MASCULINO,42,1.000000,99.844100,0.039700
ESTATURA_PARA_IDADE,MASCULINO,43,1.000000,100.452200,0.039860
ESTATURA_PARA_IDADE,MASCULINO,44,1.000000,101.032600,0.040020
ESTATURA_PARA_IDADE,MASCULINO,45,1.000000,101.624600,0.040170
ESTATURA_PARA_IDADE,MASCULINO,46,1.000000,102.191000,0.040310
ESTATURA_PARA_IDADE,MASCULINO,47,1.000000,102.770600,0.040450
ESTATURA_PARA_IDADE,MASCULINO,48,1.000000,103.327300,0.040590
ESTATURA_PARA_IDADE,MASCULINO,49,1.000000,103.880600,0.040730
ESTATURA_PARA_IDADE,MASCULINO,50,1.000000,104.449600,0.040860
ESTATURA_PARA_IDADE,MASCULINO,51,1.000000,104.998400,0.041000
ESTATURA_PARA_IDADE,MASCULINO,52,1.000000,105.564100,0.041130
ESTATURA_PARA_IDADE,MASCULINO,53,1.000000,106.110400,0.041260
ESTATURA_PARA_IDADE,MASCULINO,54,1.000000,106.673600,0.041390
ESTATURA_PARA_IDADE,MASCULINO,55,1.000000,107.217600,0.041520
ESTATURA_PARA_IDADE,MASCULINO,56,1.000000,107.778800,0.041650
ESTATURA_PARA_IDADE,MASCULINO,57,1.000000,108.320900,0.041770
ESTATURA_PARA_IDADE,MASCULINO,58,1.000000,108.862100,0.041900
ESTATURA_PARA_IDADE,MASCULINO,59,1.000000,109.420300,0.042020
ESTATURA_PARA_IDADE,MASCULINO,60,1.000000,109.959300,0.042140
ESTATURA_PARA_IDADE,MASCULINO,61,1.000000,110.264700,0.041640
ESTATURA_PARA_IDADE,MASCULINO,62,1.000000,110.800600,0.041720
ESTATURA_PARA_IDADE,MASCULINO,63,1.000000,111.333800,0.041800
ESTATURA_PARA_IDADE,MASCULINO,64,1.000000,111.863600,0.041870
ESTATURA_PARA_IDADE,MASCULINO,65,1.000000,112.389500,0.041950
ESTATURA_PARA_IDADE,MASCULINO,66,1.000000,112.911000,0.042030
ESTATURA_PARA_IDADE,MASCULINO,67,1.000000,113.428000,0.042110
ESTATURA_PARA_IDADE,MASCULINO,68,1.000000,113.941000,0.042180
ESTATURA_PARA_IDADE,MASCULINO,69,1.000000,114.450000,0.042260
ESTATURA_PARA_IDADE,MASCULINO,70,1.000000,114.954700,0.042340
ESTATURA_PARA_IDADE,MASCULINO,71,1.000000,115.454900,0.042410
ESTATURA_PARA_IDADE,MASCULINO,72,1.000000,115.950900,0.042490
ESTATURA_PARA_IDADE,MASCULINO,73,1.000000,116.443200,0.042570
ESTATURA_PARA_IDADE,MASCULINO,74,1.000000,116.932500,0.042640
ESTATURA_PARA_IDADE,MASCULINO,75,1.000000,117.419600,0.042720
ESTATURA_PARA_IDADE,MASCULINO,76,1.000000,117.904600,0.042800
ESTATURA_PARA_IDADE,MASCULINO,77,1.000000,118.388000,0.042870
ESTATURA_PARA_IDADE,MASCULINO,78,1.000000,118.870000,0.042950
ESTATURA_PARA_IDADE,MASCULINO,79,1.000000,119.350800,0.043030
ESTATURA_PARA_IDADE,MASCULINO,80,1.000000,119.830300,0.043110
ESTATURA_PARA_IDADE,MASCULINO,81,1.000000,120.308500,0.043180
ESTATURA_PARA_IDADE,MASCULINO,82,1.000000,120.785300,0.043260
ESTATURA_PARA_IDADE,MASCULINO,83,1.000000,121.260400,0.043340
ESTATURA_PARA_IDADE,MASCULINO,84,1.000000,121.733800,0.043420
ESTATURA_PARA_IDADE,MASCULINO,85,1.000000,122.205300,0.043500
ESTATURA_PARA_IDADE,MASCULINO,86,1.000000,122.675000,0.043580
ESTATURA_PARA_IDADE,MASCULINO,87,1.000000,123.142900,0.043660
ESTATURA_PARA_IDADE,MASCULINO,88,1.000000,123.609200,0.043740
ESTATURA_PARA_IDADE,MASCULINO,89,1.000000,124.073600,0.043820
ESTATURA_PARA_IDADE,MASCULINO,90,1.000000,124.536100,0.043900
ESTATURA_PARA_IDADE,MASCULINO,91,1.000000,124.996400,0.043980
ESTATURA_PARA_IDADE,MASCULINO,92,1.000000,125.454500,0.044060
ESTATURA_PARA_IDADE,MASCULINO,93,1.000000,125.910400,0.044140
ESTATURA_PARA_IDADE,MASCULINO,94,1.000000,126.364000,0.044220
ESTATURA_PARA_IDADE,MASCULINO,95,1.000000,126.815600,0.044300
ESTATURA_PARA_IDADE,MASCULINO,96,1.000000,127.265100,0.044380
ESTATURA_PARA_IDADE,MASCULINO,97,1.000000,127.712900,0.044460
ESTATURA_PARA_IDADE,MASCULINO,98,1.000000,128.159000,0.044540
ESTATURA_PARA_IDADE,MASCULINO,99,1.000000,128.603400,0.044620
ESTATURA_PARA_IDADE,MASCULINO,100,1.000000,129.046600,0.044700
ESTATURA_PARA_IDADE,MASCULINO,101,1.000000,129.488700,0.044780
ESTATURA_PARA_IDADE,MASCULINO,102,1.000000,129.930000,0.044870
ESTATURA_PARA_IDADE,MASCULINO,103,1.000000,130.370500,0.044950
ESTATURA_PARA_IDADE,MASCULINO,104,1.000000,130.810300,0.045030
ESTATURA_PARA_IDADE,MASCULINO,105,1.000000,131.249500,0.045110
ESTATURA_PARA_IDADE,MASCULINO,106,1.000000,131.688400,0.045190
ESTATURA_PARA_IDADE,MASCULINO,107,1.000000,132.126900,0.045270
ESTATURA_PARA_IDADE,MASCULINO,108,1.000000,132.565200,0.045350
ESTATURA_PARA_IDADE,MASCULINO,109,1.000000,133.003100,0.045430
ESTATURA_PARA_IDADE,MASCULINO,110,1.000000,133.440400,0.045510
ESTATURA_PARA_IDADE,MASCULINO,111,1.000000,133.877000,0.045590
ESTATURA_PARA_IDADE,MASCULINO,112,1.000000,134.313000,0.045660
ESTATURA_PARA_IDADE,MASCULINO,113,1.000000,134.748300,0.045740
ESTATURA_PARA_IDADE,MASCULINO,114,1.000000,135.182900,0.045820
ESTATURA_PARA_IDADE,MASCULINO,115,1.000000,135.616800,0.045890
ESTATURA_PARA_IDADE,MASCULINO,116,1.000000,136.050100,0.045970
ESTATURA_PARA_IDADE,MASCULINO,117,1.000000,136.482900,0.046040
ESTATURA_PARA_IDADE,MASCULINO,118,1.000000,136.915300,0.046120
ESTATURA_PARA_IDADE,MASCULINO,119,1.000000,137.347400,0.046190
ESTATURA_PARA_IDADE,MASCULINO,120,1.000000,137.779500,0.046260
ESTATURA_PARA_IDADE,MASCULINO,121,1.000000,138.211900,0.046330
ESTATURA_PARA_IDADE,MASCULINO,122,1.000000,138.645200,0.046400
ESTATURA_PARA_IDADE,MASCULINO,123,1.000000,139.079700,0.046470
ESTATURA_PARA_IDADE,MASCULINO,124,1.000000,139.515800,0.046540
ESTATURA_PARA_IDADE,MASCULINO,125,1.000000,139.954000,0.046610
ESTATURA_PARA_IDADE,MASCULINO,126,1.000000,140.394800,0.046670
ESTATURA_PARA_IDADE,MASCULINO,127,1.000000,140.838700,0.046740
ESTATURA_PARA_IDADE,MASCULINO,128,1.000000,141.285900,0.046800
ESTATURA_PARA_IDADE,MASCULINO,129,1.000000,141.736800,0.046860
ESTATURA_PARA_IDADE,MASCULINO,130,1.000000,142.191600,0.046920
ESTATURA_PARA_IDADE,MASCULINO,131,1.000000,142.650100,0.046980
ESTATURA_PARA_IDADE,MASCULINO,132,1.000000,143.112600,0.047030
ESTATURA_PARA_IDADE,MASCULINO,133,1.000000,143.579500,0.047090
ESTATURA_PARA_IDADE,MASCULINO,134,1.000000,144.051100,0.047140
ESTATURA_PARA_IDADE,MASCULINO,135,1.000000,144.527600,0.047190
ESTATURA_PARA_IDADE,MASCULINO,136,1.000000,145.009300,0.047230
ESTATURA_PARA_IDADE,MASCULINO,137,1.000000,145.496400,0.047280
ESTATURA_PARA_IDADE,MASCULINO,138,1.000000,145.989100,0.047320
ESTATURA_PARA_IDADE,MASCULINO,139,1.000000,146.487800,0.047360
ESTATURA_PARA_IDADE,MASCULINO,140,1.000000,146.992700,0.047400
ESTATURA_PARA_IDADE,MASCULINO,141,1.000000,147.504100,0.047440
ESTATURA_PARA_IDADE,MASCULINO,142,1.000000,148.022400,0.047470
ESTATURA_PARA_IDADE,MASCULINO,143,1.000000,148.547800,0.047500
ESTATURA_PARA_IDADE,MASCULINO,144,1.000000,149.080700,0.047530
ESTATURA_PARA_IDADE,MASCULINO,145,1.000000,149.621200,0.047550
ESTATURA_PARA_IDADE,MASCULINO,146,1.000000,150.169400,0.047580
ESTATURA_PARA_IDADE,MASCULINO,147,1.000000,150.725600,0.047590
ESTATURA_PARA_IDADE,MASCULINO,148,1.000000,151.289900,0.047610
ESTATURA_PARA_IDADE,MASCULINO,149,1.000000,151.862300,0.047620
ESTATURA_PARA_IDADE,MASCULINO,150,1.000000,152.442500,0.047630
ESTATURA_PARA_IDADE,MASCULINO,151,1.000000,153.029800,0.047630
ESTATURA_PARA_IDADE,MASCULINO,152,1.000000,153.623400,0.047640
ESTATURA_PARA_IDADE,MASCULINO,153,1.000000,154.222300,0.047630
ESTATURA_PARA_IDADE,MASCULINO,154,1.000000,154.825800,0.047630
ESTATURA_PARA_IDADE,MASCULINO,155,1.000000,155.432900,0.047620
ESTATURA_PARA_IDADE,MASCULINO,156,1.000000,156.042600,0.047600
ESTATURA_PARA_IDADE,MASCULINO,157,1.000000,156.653900,0.047580
ESTATURA_PARA_IDADE,MASCULINO,158,1.000000,157.266000,0.047560
ESTATURA_PARA_IDADE,MASCULINO,159,1.000000,157.877500,0.047540
ESTATURA_PARA_IDADE,MASCULINO,160,1.000000,158.487100,0.047510
ESTATURA_PARA_IDADE,MASCULINO,161,1.000000,159.093700,0.047470
ESTATURA_PARA_IDADE,MASCULINO,162,1.000000,159.696200,0.047440
ESTATURA_PARA_IDADE,MASCULINO,163,1.000000,160.293900,0.047400
ESTATURA_PARA_IDADE,MASCULINO,164,1.000000,160.886100,0.047350
ESTATURA_PARA_IDADE,MASCULINO,165,1.000000,161.472000,0.047300
ESTATURA_PARA_IDADE,MASCULINO,166,1.000000,162.050500,0.047250
ESTATURA_PARA_IDADE,MASCULINO,167,1.000000,162.620700,0.047200
ESTATURA_PARA_IDADE,MASCULINO,168,1.000000,163.181600,0.047140
ESTATURA_PARA_IDADE,MASCULINO,169,1.000000,163.732100,0.047070
ESTATURA_PARA_IDADE,MASCULINO,170,1.000000,164.271700,0.047010
ESTATURA_PARA_IDADE,MASCULINO,171,1.000000,164.799400,0.046940
ESTATURA_PARA_IDADE,MASCULINO,172,1.000000,165.314500,0.046870
ESTATURA_PARA_IDADE,MASCULINO,173,1.000000,165.816500,0.046790
ESTATURA_PARA_IDADE,MASCULINO,174,1.000000,166.305000,0.046710
ESTATURA_PARA_IDADE,MASCULINO,175,1.000000,166.779900,0.046630
ESTATURA_PARA_IDADE,MASCULINO,176,1.000000,167.241500,0.046550
ESTATURA_PARA_IDADE,MASCULINO,177,1.000000,167.689900,0.046460
ESTATURA_PARA_IDADE,MASCULINO,178,1.000000,168.125500,0.046370
ESTATURA_PARA_IDADE,MASCULINO,179,1.000000,168.548200,0.046280
ESTATURA_PARA_IDADE,MASCULINO,180,1.000000,168.958000,0.046190
ESTATURA_PARA_IDADE,MASCULINO,181,1.000000,169.354900,0.046090
ESTATURA_PARA_IDADE,MASCULINO,182,1.000000,169.738900,0.045990
ESTATURA_PARA_IDADE,MASCULINO,183,1.000000,170.109900,0.045890
ESTATURA_PARA_IDADE,MASCULINO,184,1.000000,170.468000,0.045790
ESTATURA_PARA_IDADE,MASCULINO,185,1.000000,170.813600,0.045690
ESTATURA_PARA_IDADE,MASCULINO,186,1.000000,171.146800,0.045590
ESTATURA_PARA_IDADE,MASCULINO,187,1.000000,171.468000,0.045480
ESTATURA_PARA_IDADE,MASCULINO,188,1.000000,171.777300,0.045380
ESTATURA_PARA_IDADE,MASCULINO,189,1.000000,172.074800,0.045270
ESTATURA_PARA_IDADE,MASCULINO,190,1.000000,172.360600,0.045160
ESTATURA_PARA_IDADE,MASCULINO,191,1.000000,172.634500,0.045060
ESTATURA_PARA_IDADE,MASCULINO,192,1.000000,172.896700,0.044950
ESTATURA_PARA_IDADE,MASCULINO,193,1.000000,173.147000,0.044840
ESTATURA_PARA_IDADE,MASCULINO,194,1.000000,173.385600,0.044730
ESTATURA_PARA_IDADE,MASCULINO,195,1.000000,173.612600,0.044620
ESTATURA_PARA_IDADE,MASCULINO,196,1.000000,173.828000,0.044510
ESTATURA_PARA_IDADE,MASCULINO,197,1.000000,174.032100,0.044400
ESTATURA_PARA_IDADE,MASCULINO,198,1.000000,174.225100,0.044290
ESTATURA_PARA_IDADE,MASCULINO,199,1.000000,174.407100,0.044180
ESTATURA_PARA_IDADE,MASCULINO,200,1.000000,174.578400,0.044070
ESTATURA_PARA_IDADE,MASCULINO,201,1.000000,174.739200,0.043960
ESTATURA_PARA_IDADE,MASCULINO,202,1.000000,174.889600,0.043850
ESTATURA_PARA_IDADE,MASCULINO,203,1.000000,175.030100,0.043750
ESTATURA_PARA_IDADE,MASCULINO,204,1.000000,175.160900,0.043640
ESTATURA_PARA_IDADE,MASCULINO,205,1.000000,175.282400,0.043530
ESTATURA_PARA_IDADE,MASCULINO,206,1.000000,175.395100,0.043430
ESTATURA_PARA_IDADE,MASCULINO,207,1.000000,175.499500,0.043320
ESTATURA_PARA_IDADE,MASCULINO,208,1.000000,175.595900,0.043220
ESTATURA_PARA_IDADE,MASCULINO,209,1.000000,175.685000,0.043110
ESTATURA_PARA_IDADE,MASCULINO,210,1.000000,175.767200,0.043010
ESTATURA_PARA_IDADE,MASCULINO,211,1.000000,175.843200,0.042910
ESTATURA_PARA_IDADE,MASCULINO,212,1.000000,175.913300,0.042810
ESTATURA_PARA_IDADE,MASCULINO,213,1.000000,175.978100,0.042710
ESTATURA_PARA_IDADE,MASCULINO,214,1.000000,176.038000,0.042610
ESTATURA_PARA_IDADE,MASCULINO,215,1.000000,176.093500,0.042510
ESTATURA_PARA_IDADE,MASCULINO,216,1.000000,176.144900,0.042410
ESTATURA_PARA_IDADE,MASCULINO,217,1.000000,176.192500,0.042320
ESTATURA_PARA_IDADE,MASCULINO,218,1.000000,176.236800,0.042220
ESTATURA_PARA_IDADE,MASCULINO,219,1.000000,176.277900,0.042130
ESTATURA_PARA_IDADE,MASCULINO,220,1.000000,176.316200,0.042040
ESTATURA_PARA_IDADE,MASCULINO,221,1.000000,176.351800,0.041950
ESTATURA_PARA_IDADE,MASCULINO,222,1.000000,176.385100,0.041850
ESTATURA_PARA_IDADE,MASCULINO,223,1.000000,176.416200,0.041770
ESTATURA_PARA_IDADE,MASCULINO,224,1.000000,176.445300,0.041680
ESTATURA_PARA_IDADE,MASCULINO,225,1.000000,176.472400,0.041590
ESTATURA_PARA_IDADE,MASCULINO,226,1.000000,176.497600,0.041500
ESTATURA_PARA_IDADE,MASCULINO,227,1.000000,176.521100,0.041420
ESTATURA_PARA_IDADE,MASCULINO,228,1.000000,176.543200,0.041340
IMC_PARA_IDADE,FEMININO,0,-0.063100,13.336300,0.092720
IMC_PARA_IDADE,FEMININO,1,0.348100,14.542200,0.095590
IMC_PARA_IDADE,FEMININO,2,0.174300,15.771300,0.093710
IMC_PARA_IDADE,FEMININO,3,0.065200,16.353100,0.092550
IMC_PARA_IDADE,FEMININO,4,-0.019700,16.672200,0.091660
IMC_PARA_IDADE,FEMININO,5,-0.086000,16.837900,0.090960
IMC_PARA_IDADE,FEMININO,6,-0.143600,16.908600,0.090350
IMC_PARA_IDADE,FEMININO,7,-0.191500,16.902100,0.089840
IMC_PARA_IDADE,FEMININO,8,-0.235100,16.839000,0.089380
IMC_PARA_IDADE,FEMININO,9,-0.272600,16.740400,0.088980
IMC_PARA_IDADE,FEMININO,10,-0.306400,16.620000,0.088620
IMC_PARA_IDADE,FEMININO,11,-0.338200,16.486700,0.088270
IMC_PARA_IDADE,FEMININO,12,-0.366500,16.357800,0.087970
IMC_PARA_IDADE,FEMININO,13,-0.393400,16.229800,0.087680
IMC_PARA_IDADE,FEMININO,14,-0.417600,16.113200,0.087410
IMC_PARA_IDADE,FEMININO,15,-0.441000,16.001300,0.087160
IMC_PARA_IDADE,FEMININO,16,-0.462300,15.901700,0.086930
IMC_PARA_IDADE,FEMININO,17,-0.482300,15.810800,0.086710
IMC_PARA_IDADE,FEMININO,18,-0.501800,15.726000,0.086500
IMC_PARA_IDADE,FEMININO,19,-0.519700,15.652400,0.086310
IMC_PARA_IDADE,FEMININO,20,-0.537400,15.585000,0.086110
IMC_PARA_IDADE,FEMININO,21,-0.553600,15.528100,0.085940
IMC_PARA_IDADE,FEMININO,22,-0.569700,15.478200,0.085760
IMC_PARA_IDADE,FEMININO,23,-0.584600,15.438100,0.085600
IMC_PARA_IDADE,FEMININO,24,-0.568400,15.688100,0.084540
IMC_PARA_IDADE,FEMININO,25,-0.568400,15.658900,0.084520
IMC_PARA_IDADE,FEMININO,26,-0.568400,15.631100,0.084490
IMC_PARA_IDADE,FEMININO,27,-0.568400,15.603600,0.084460
IMC_PARA_IDADE,FEMININO,28,-0.568400,15.577900,0.084440
IMC_PARA_IDADE,FEMININO,29,-0.568400,15.552100,0.084430
IMC_PARA_IDADE,FEMININO,30,-0.568400,15.527700,0.084440
IMC_PARA_IDADE,FEMININO,31,-0.568400,15.503000,0.084480
IMC_PARA_IDADE,FEMININO,32,-0.568400,15.479800,0.084550
IMC_PARA_IDADE,FEMININO,33,-0.568400,15.457500,0.084670
IMC_PARA_IDADE,FEMININO,34,-0.568400,15.435500,0.084840
IMC_PARA_IDADE,FEMININO,35,-0.568400,15.415700,0.085060
IMC_PARA_IDADE,FEMININO,36,-0.568400,15.396600,0.085350
IMC_PARA_IDADE,FEMININO,37,-0.568400,15.379700,0.085690
IMC_PARA_IDADE,FEMININO,38,-0.568400,15.363600,0.086090
IMC_PARA_IDADE,FEMININO,39,-0.568400,15.349300,0.086540
IMC_PARA_IDADE,FEMININO,40,-0.568400,15.335600,0.087040
IMC_PARA_IDADE,FEMININO,41,-0.568400,15.323300,0.087570
IMC_PARA_IDADE,FEMININO,42,-0.568400,15.311700,0.088130
IMC_PARA_IDADE,FEMININO,43,-0.568400,15.300600,0.088720
IMC_PARA_IDADE,FEMININO,44,-0.568400,15.290600,0.089310
IMC_PARA_IDADE,FEMININO,45,-0.568400,15.281300,0.089920
IMC_PARA_IDADE,FEMININO,46,-0.568400,15.273200,0.090500
IMC_PARA_IDADE,FEMININO,47,-0.568400,15.266000,0.091100
IMC_PARA_IDADE,FEMININO,48,-0.568400,15.260200,0.091680
IMC_PARA_IDADE,FEMININO,49,-0.568400,15.255700,0.092270
IMC_PARA_IDADE,FEMININO,50,-0.568400,15.252300,0.092870
IMC_PARA_IDADE,FEMININO,51,-0.568400,15.250300,0.093450
IMC_PARA_IDADE,FEMININO,52,-0.568400,15.249600,0.094040
IMC_PARA_IDADE,FEMININO,53,-0.568400,15.250200,0.094600
IMC_PARA_IDADE,FEMININO,54,-0.568400,15.251900,0.095160
IMC_PARA_IDADE,FEMININO,55,-0.568400,15.254300,0.095670
IMC_PARA_IDADE,FEMININO,56,-0.568400,15.257600,0.096180
IMC_PARA_IDADE,FEMININO,57,-0.568400,15.261200,0.096650
IMC_PARA_IDADE,FEMININO,58,-0.568400,15.265300,0.097080
IMC_PARA_IDADE,FEMININO,59,-0.568400,15.269800,0.097500
IMC_PARA_IDADE,FEMININO,60,-0.568400,15.274700,0.097890
IMC_PARA_IDADE,FEMININO,61,-0.888600,15.244100,0.096920
IMC_PARA_IDADE,FEMININO,62,-0.906800,15.243400,0.097380
IMC_PARA_IDADE,FEMININO,63,-0.924800,15.243300,0.097830
IMC_PARA_IDADE,FEMININO,64,-0.942700,15.243800,0.098290
IMC_PARA_IDADE,FEMININO,65,-0.960500,15.244800,0.098750
IMC_PARA_IDADE,FEMININO,66,-0.978000,15.246400,0.099200
IMC_PARA_IDADE,FEMININO,67,-0.995400,15.248700,0.099660
IMC_PARA_IDADE,FEMININO,68,-1.012600,15.251600,0.100120
IMC_PARA_IDADE,FEMININO,69,-1.029600,15.255100,0.100580
IMC_PARA_IDADE,FEMININO,70,-1.046400,15.259200,0.101040
IMC_PARA_IDADE,FEMININO,71,-1.063000,15.264100,0.101490
IMC_PARA_IDADE,FEMININO,72,-1.079400,15.269700,0.101950
IMC_PARA_IDADE,FEMININO,73,-1.095600,15.276000,0.102410
IMC_PARA_IDADE,FEMININO,74,-1.111500,15.283100,0.102870
IMC_PARA_IDADE,FEMININO,75,-1.127200,15.291100,0.103330
IMC_PARA_IDADE,FEMININO,76,-1.142700,15.299800,0.103790
IMC_PARA_IDADE,FEMININO,77,-1.157900,15.309500,0.104250
IMC_PARA_IDADE,FEMININO,78,-1.172800,15.320000,0.104710
IMC_PARA_IDADE,FEMININO,79,-1.187500,15.331400,0.105170
IMC_PARA_IDADE,FEMININO,80,-1.201900,15.343900,0.105620
IMC_PARA_IDADE,FEMININO,81,-1.216000,15.357200,0.106080
IMC_PARA_IDADE,FEMININO,82,-1.229800,15.371700,0.106540
IMC_PARA_IDADE,FEMININO,83,-1.243300,15.387100,0.107000
IMC_PARA_IDADE,FEMININO,84,-1.256500,15.403600,0.107460
IMC_PARA_IDADE,FEMININO,85,-1.269300,15.421100,0.107920
IMC_PARA_IDADE,FEMININO,86,-1.281900,15.439700,0.108370
IMC_PARA_IDADE,FEMININO,87,-1.294100,15.459300,0.108830
IMC_PARA_IDADE,FEMININO,88,-1.306000,15.479800,0.109290
IMC_PARA_IDADE,FEMININO,89,-1.317500,15.501400,0.109740
IMC_PARA_IDADE,FEMININO,90,-1.328700,15.524000,0.110200
IMC_PARA_IDADE,FEMININO,91,-1.339500,15.547600,0.110650
IMC_PARA_IDADE,FEMININO,92,-1.349900,15.572300,0.111100
IMC_PARA_IDADE,FEMININO,93,-1.360000,15.597900,0.111560
IMC_PARA_IDADE,FEMININO,94,-1.369700,15.624600,0.112010
IMC_PARA_IDADE,FEMININO,95,-1.379000,15.652300,0.112460
IMC_PARA_IDADE,FEMININO,96,-1.388000,15.681000,0.112910
IMC_PARA_IDADE,FEMININO,97,-1.396600,15.710700,0.113350
IMC_PARA_IDADE,FEMININO,98,-1.404700,15.741500,0.113800
IMC_PARA_IDADE,FEMININO,99,-1.412500,15.773200,0.114240
IMC_PARA_IDADE,FEMININO,100,-1.419900,15.805800,0.114690
IMC_PARA_IDADE,FEMININO,101,-1.427000,15.839400,0.115130
IMC_PARA_IDADE,FEMININO,102,-1.433600,15.873800,0.115570
IMC_PARA_IDADE,FEMININO,103,-1.439800,15.909000,0.116010
IMC_PARA_IDADE,FEMININO,104,-1.445600,15.945100,0.116440
IMC_PARA_IDADE,FEMININO,105,-1.451100,15.981800,0.116880
IMC_PARA_IDADE,FEMININO,106,-1.456100,16.019400,0.117310
IMC_PARA_IDADE,FEMININO,107,-1.460700,16.057500,0.117740
IMC_PARA_IDADE,FEMININO,108,-1.465000,16.096400,0.118160
IMC_PARA_IDADE,FEMININO,109,-1.468800,16.135800,0.118590
IMC_PARA_IDADE,FEMININO,110,-1.472300,16.175900,0.119010
IMC_PARA_IDADE,FEMININO,111,-1.475300,16.216600,0.119430
IMC_PARA_IDADE,FEMININO,112,-1.478000,16.258000,0.119850
IMC_PARA_IDADE,FEMININO,113,-1.480300,16.299900,0.120260
IMC_PARA_IDADE,FEMININO,114,-1.482300,16.342500,0.120670
IMC_PARA_IDADE,FEMININO,115,-1.483800,16.385800,0.121080
IMC_PARA_IDADE,FEMININO,116,-1.485000,16.429800,0.121480
IMC_PARA_IDADE,FEMININO,117,-1.485900,16.474600,0.121880
IMC_PARA_IDADE,FEMININO,118,-1.486400,16.520000,0.122280
IMC_PARA_IDADE,FEMININO,119,-1.486600,16.566300,0.122680
IMC_PARA_IDADE,FEMININO,120,-1.486400,16.613300,0.123070
IMC_PARA_IDADE,FEMININO,121,-1.485900,16.661200,0.123460
IMC_PARA_IDADE,FEMININO,122,-1.485100,16.710000,0.123840
IMC_PARA_IDADE,FEMININO,123,-1.483900,16.759500,0.124220
IMC_PARA_IDADE,FEMININO,124,-1.482500,16.810000,0.124600
IMC_PARA_IDADE,FEMININO,125,-1.480700,16.861400,0.124970
IMC_PARA_IDADE,FEMININO,126,-1.478700,16.913600,0.125340
IMC_PARA_IDADE,FEMININO,127,-1.476300,16.966700,0.125710
IMC_PARA_IDADE,FEMININO,128,-1.473700,17.020800,0.126070
IMC_PARA_IDADE,FEMININO,129,-1.470800,17.075700,0.126430
IMC_PARA_IDADE,FEMININO,130,-1.467700,17.131600,0.126780
IMC_PARA_IDADE,FEMININO,131,-1.464200,17.188300,0.127130
IMC_PARA_IDADE,FEMININO,132,-1.460600,17.245900,0.127480
IMC_PARA_IDADE,FEMININO,133,-1.456700,17.304400,0.127820
IMC_PARA_IDADE,FEMININO,134,-1.452600,17.363700,0.128160
IMC_PARA_IDADE,FEMININO,135,-1.448200,17.423800,0.128490
IMC_PARA_IDADE,FEMININO,136,-1.443600,17.484700,0.128820
IMC_PARA_IDADE,FEMININO,137,-1.438900,17.546400,0.129140
IMC_PARA_IDADE,FEMININO,138,-1.433900,17.608800,0.129460
IMC_PARA_IDADE,FEMININO,139,-1.428800,17.671900,0.129780
IMC_PARA_IDADE,FEMININO,140,-1.423500,17.735700,0.130090
IMC_PARA_IDADE,FEMININO,141,-1.418000,17.800100,0.130400
IMC_PARA_IDADE,FEMININO,142,-1.412300,17.865100,0.130700
IMC_PARA_IDADE,FEMININO,143,-1.406500,17.930600,0.130990
IMC_PARA_IDADE,FEMININO,144,-1.400600,17.996600,0.131290
IMC_PARA_IDADE,FEMININO,145,-1.394500,18.063000,0.131580
IMC_PARA_IDADE,FEMININO,146,-1.388300,18.129700,0.131860
IMC_PARA_IDADE,FEMININO,147,-1.381900,18.196700,0.132140
IMC_PARA_IDADE,FEMININO,148,-1.375500,18.263900,0.132410
IMC_PARA_IDADE,FEMININO,149,-1.368900,18.331200,0.132680
IMC_PARA_IDADE,FEMININO,150,-1.362100,18.398600,0.132950
IMC_PARA_IDADE,FEMININO,151,-1.355300,18.466000,0.133210
IMC_PARA_IDADE,FEMININO,152,-1.348300,18.533300,0.133470
IMC_PARA_IDADE,FEMININO,153,-1.341300,18.600600,0.133720
IMC_PARA_IDADE,FEMININO,154,-1.334100,18.667700,0.133970
IMC_PARA_IDADE,FEMININO,155,-1.326900,18.734600,0.134210
IMC_PARA_IDADE,FEMININO,156,-1.319500,18.801200,0.134450
IMC_PARA_IDADE,FEMININO,157,-1.312100,18.867500,0.134690
IMC_PARA_IDADE,FEMININO,158,-1.304600,18.933500,0.134920
IMC_PARA_IDADE,FEMININO,159,-1.297000,18.999100,0.135140
IMC_PARA_IDADE,FEMININO,160,-1.289400,19.064200,0.135370
IMC_PARA_IDADE,FEMININO,161,-1.281600,19.128900,0.135590
IMC_PARA_IDADE,FEMININO,162,-1.273900,19.193100,0.135800
IMC_PARA_IDADE,FEMININO,163,-1.266100,19.256700,0.136010
IMC_PARA_IDADE,FEMININO,164,-1.258300,19.319700,0.136220
IMC_PARA_IDADE,FEMININO,165,-1.250400,19.382000,0.136420
IMC_PARA_IDADE,FEMININO,166,-1.242500,19.443700,0.136620
IMC_PARA_IDADE,FEMININO,167,-1.234500,19.504500,0.136810
IMC_PARA_IDADE,FEMININO,168,-1.226600,19.564700,0.137000
IMC_PARA_IDADE,FEMININO,169,-1.218600,19.624000,0.137190
IMC_PARA_IDADE,FEMININO,170,-1.210700,19.682400,0.137380
IMC_PARA_IDADE,FEMININO,171,-1.202700,19.740000,0.137560
IMC_PARA_IDADE,FEMININO,172,-1.194700,19.796600,0.137740
IMC_PARA_IDADE,FEMININO,173,-1.186700,19.852300,0.137910
IMC_PARA_IDADE,FEMININO,174,-1.178800,19.907000,0.138080
IMC_PARA_IDADE,FEMININO,175,-1.170800,19.960700,0.138250
IMC_PARA_IDADE,FEMININO,176,-1.162900,20.013300,0.138410
IMC_PARA_IDADE,FEMININO,177,-1.154900,20.064800,0.138580
IMC_PARA_IDADE,FEMININO,178,-1.147000,20.115200,0.138730
IMC_PARA_IDADE,FEMININO,179,-1.139000,20.164400,0.138890
IMC_PARA_IDADE,FEMININO,180,-1.131100,20.212500,0.139040
IMC_PARA_IDADE,FEMININO,181,-1.123200,20.259500,0.139200
IMC_PARA_IDADE,FEMININO,182,-1.115300,20.305300,0.139340
IMC_PARA_IDADE,FEMININO,183,-1.107400,20.349900,0.139490
IMC_PARA_IDADE,FEMININO,184,-1.099600,20.393400,0.139630
IMC_PARA_IDADE,FEMININO,185,-1.091700,20.435700,0.139770
IMC_PARA_IDADE,FEMININO,186,-1.083800,20.476900,0.139910
IMC_PARA_IDADE,FEMININO,187,-1.076000,20.517000,0.140050
IMC_PARA_IDADE,FEMININO,188,-1.068100,20.556000,0.140180
IMC_PARA_IDADE,FEMININO,189,-1.060300,20.593800,0.140310
IMC_PARA_IDADE,FEMININO,190,-1.052500,20.630600,0.140440
IMC_PARA_IDADE,FEMININO,191,-1.044700,20.666300,0.140570
IMC_PARA_IDADE,FEMININO,192,-1.036800,20.700800,0.140700
IMC_PARA_IDADE,FEMININO,193,-1.029000,20.734400,0.140820
IMC_PARA_IDADE,FEMININO,194,-1.021200,20.766800,0.140940
IMC_PARA_IDADE,FEMININO,195,-1.013400,20.798200,0.141060
IMC_PARA_IDADE,FEMININO,196,-1.005500,20.828600,0.141180
IMC_PARA_IDADE,FEMININO,197,-0.997700,20.858000,0.141300
IMC_PARA_IDADE,FEMININO,198,-0.989800,20.886300,0.141420
IMC_PARA_IDADE,FEMININO,199,-0.981900,20.913700,0.141530
IMC_PARA_IDADE,FEMININO,200,-0.974000,20.940100,0.141640
IMC_PARA_IDADE,FEMININO,201,-0.966100,20.965600,0.141760
IMC_PARA_IDADE,FEMININO,202,-0.958200,20.990100,0.141870
IMC_PARA_IDADE,FEMININO,203,-0.950300,21.013800,0.141980
IMC_PARA_IDADE,FEMININO,204,-0.942300,21.036700,0.142080
IMC_PARA_IDADE,FEMININO,205,-0.934400,21.058700,0.142190
IMC_PARA_IDADE,FEMININO,206,-0.926400,21.080100,0.142300
IMC_PARA_IDADE,FEMININO,207,-0.918400,21.100700,0.142400
IMC_PARA_IDADE,FEMININO,208,-0.910400,21.120600,0.142500
IMC_PARA_IDADE,FEMININO,209,-0.902400,21.139900,0.142610
IMC_PARA_IDADE,FEMININO,210,-0.894400,21.158600,0.142710
IMC_PARA_IDADE,FEMININO,211,-0.886300,21.176800,0.142810
IMC_PARA_IDADE,FEMININO,212,-0.878300,21.194400,0.142910
IMC_PARA_IDADE,FEMININO,213,-0.870300,21.211600,0.143010
IMC_PARA_IDADE,FEMININO,214,-0.862300,21.228200,0.143110
IMC_PARA_IDADE,FEMININO,215,-0.854200,21.244400,0.143200
IMC_PARA_IDADE,FEMININO,216,-0.846200,21.260300,0.143300
IMC_PARA_IDADE,FEMININO,217,-0.838200,21.275700,0.143400
IMC_PARA_IDADE,FEMININO,218,-0.830100,21.290800,0.143490
IMC_PARA_IDADE,FEMININO,219,-0.822100,21.305500,0.143590
IMC_PARA_IDADE,FEMININO,220,-0.814000,21.320000,0.143680
IMC_PARA_IDADE,FEMININO,221,-0.806000,21.334100,0.143770
IMC_PARA_IDADE,FEMININO,222,-0.798000,21.348000,0.143860
IMC_PARA_IDADE,FEMININO,223,-0.789900,21.361700,0.143960
IMC_PARA_IDADE,FEMININO,224,-0.781900,21.375200,0.144050
IMC_PARA_IDADE,FEMININO,225,-0.773800,21.388400,0.144140
IMC_PARA_IDADE,FEMININO,226,-0.765800,21.401400,0.144230
IMC_PARA_IDADE,FEMININO,227,-0.757700,21.414300,0.144320
IMC_PARA_IDADE,FEMININO,228,-0.749600,21.426900,0.144410
IMC_PARA_IDADE,MASCULINO,0,-0.305300,13.406900,0.095600
IMC_PARA_IDADE,MASCULINO,1,0.273800,14.914000,0.090350
IMC_PARA_IDADE,MASCULINO,2,0.111300,16.323100,0.086760
IMC_PARA_IDADE,MASCULINO,3,0.007700,16.895000,0.084960
IMC_PARA_IDADE,MASCULINO,4,-0.073200,17.159400,0.083780
IMC_PARA_IDADE,MASCULINO,5,-0.136600,17.291400,0.082970
IMC_PARA_IDADE,MASCULINO,6,-0.191900,17.342400,0.082330
IMC_PARA_IDADE,MASCULINO,7,-0.238400,17.328900,0.081830
IMC_PARA_IDADE,MASCULINO,8,-0.280800,17.263300,0.081390
IMC_PARA_IDADE,MASCULINO,9,-0.317700,17.165900,0.081020
IMC_PARA_IDADE,MASCULINO,10,-0.351200,17.050300,0.080680
IMC_PARA_IDADE,MASCULINO,11,-0.383000,16.923100,0.080370
IMC_PARA_IDADE,MASCULINO,12,-0.411300,16.799200,0.080090
IMC_PARA_IDADE,MASCULINO,13,-0.438400,16.673100,0.079820
IMC_PARA_IDADE,MASCULINO,14,-0.462900,16.555300,0.079580
IMC_PARA_IDADE,MASCULINO,15,-0.486700,16.439300,0.079340
IMC_PARA_IDADE,MASCULINO,16,-0.508200,16.333500,0.079130
IMC_PARA_IDADE,MASCULINO,17,-0.528600,16.234300,0.078930
IMC_PARA_IDADE,MASCULINO,18,-0.548500,16.138800,0.078730
IMC_PARA_IDADE,MASCULINO,19,-0.566700,16.053600,0.078540
IMC_PARA_IDADE,MASCULINO,20,-0.584700,15.973700,0.078360
IMC_PARA_IDADE,MASCULINO,21,-0.601300,15.904300,0.078180
IMC_PARA_IDADE,MASCULINO,22,-0.617600,15.840500,0.078020
IMC_PARA_IDADE,MASCULINO,23,-0.632800,15.785300,0.077860
IMC_PARA_IDADE,MASCULINO,24,-0.618700,16.018900,0.077850
IMC_PARA_IDADE,MASCULINO,25,-0.584000,15.979900,0.077920
IMC_PARA_IDADE,MASCULINO,26,-0.550100,15.941800,0.077990
IMC_PARA_IDADE,MASCULINO,27,-0.516400,15.903400,0.078090
IMC_PARA_IDADE,MASCULINO,28,-0.485300,15.867000,0.078180
IMC_PARA_IDADE,MASCULINO,29,-0.454900,15.830300,0.078290
IMC_PARA_IDADE,MASCULINO,30,-0.427500,15.795400,0.078410
IMC_PARA_IDADE,MASCULINO,31,-0.401300,15.760100,0.078540
IMC_PARA_IDADE,MASCULINO,32,-0.378200,15.726700,0.078670
IMC_PARA_IDADE,MASCULINO,33,-0.357500,15.693900,0.078820
IMC_PARA_IDADE,MASCULINO,34,-0.338800,15.660900,0.078970
IMC_PARA_IDADE,MASCULINO,35,-0.323300,15.629700,0.079130
IMC_PARA_IDADE,MASCULINO,36,-0.310000,15.598600,0.079310
IMC_PARA_IDADE,MASCULINO,37,-0.300000,15.569500,0.079490
IMC_PARA_IDADE,MASCULINO,38,-0.292700,15.540600,0.079690
IMC_PARA_IDADE,MASCULINO,39,-0.288400,15.514100,0.079900
IMC_PARA_IDADE,MASCULINO,40,-0.286900,15.488100,0.080130
IMC_PARA_IDADE,MASCULINO,41,-0.288100,15.464500,0.080360
IMC_PARA_IDADE,MASCULINO,42,-0.291800,15.442300,0.080610
IMC_PARA_IDADE,MASCULINO,43,-0.298200,15.420900,0.080870
IMC_PARA_IDADE,MASCULINO,44,-0.306600,15.401500,0.081140
IMC_PARA_IDADE,MASCULINO,45,-0.317500,15.382500,0.081440
IMC_PARA_IDADE,MASCULINO,46,-0.330200,15.365200,0.081740
IMC_PARA_IDADE,MASCULINO,47,-0.345500,15.348300,0.082060
IMC_PARA_IDADE,MASCULINO,48,-0.362200,15.332600,0.082380
IMC_PARA_IDADE,MASCULINO,49,-0.380800,15.317600,0.082720
IMC_PARA_IDADE,MASCULINO,50,-0.402000,15.302900,0.083070
IMC_PARA_IDADE,MASCULINO,51,-0.424300,15.289200,0.083430
IMC_PARA_IDADE,MASCULINO,52,-0.449000,15.275800,0.083810
IMC_PARA_IDADE,MASCULINO,53,-0.474500,15.263400,0.084180
IMC_PARA_IDADE,MASCULINO,54,-0.502200,15.251300,0.084570
IMC_PARA_IDADE,MASCULINO,55,-0.530200,15.240000,0.084960
IMC_PARA_IDADE,MASCULINO,56,-0.560400,15.229000,0.085370
IMC_PARA_IDADE,MASCULINO,57,-0.590600,15.218800,0.085770
IMC_PARA_IDADE,MASCULINO,58,-0.621900,15.209200,0.086170
IMC_PARA_IDADE,MASCULINO,59,-0.655400,15.200000,0.086590
IMC_PARA_IDADE,MASCULINO,60,-0.688900,15.191700,0.086990
IMC_PARA_IDADE,MASCULINO,61,-0.738700,15.264100,0.083900
IMC_PARA_IDADE,MASCULINO,62,-0.762100,15.261600,0.084140
IMC_PARA_IDADE,MASCULINO,63,-0.785600,15.260400,0.084390
IMC_PARA_IDADE,MASCULINO,64,-0.808900,15.260500,0.084640
IMC_PARA_IDADE,MASCULINO,65,-0.832200,15.261900,0.084900
IMC_PARA_IDADE,MASCULINO,66,-0.855400,15.264500,0.085160
IMC_PARA_IDADE,MASCULINO,67,-0.878500,15.268400,0.085430
IMC_PARA_IDADE,MASCULINO,68,-0.901500,15.273700,0.085700
IMC_PARA_IDADE,MASCULINO,69,-0.924300,15.280100,0.085970
IMC_PARA_IDADE,MASCULINO,70,-0.947100,15.287700,0.086250
IMC_PARA_IDADE,MASCULINO,71,-0.969700,15.296500,0.086530
IMC_PARA_IDADE,MASCULINO,72,-0.992100,15.306200,0.086820
IMC_PARA_IDADE,MASCULINO,73,-1.014400,15.316900,0.087110
IMC_PARA_IDADE,MASCULINO,74,-1.036500,15.328500,0.087410
IMC_PARA_IDADE,MASCULINO,75,-1.058400,15.340800,0.087710
IMC_PARA_IDADE,MASCULINO,76,-1.080100,15.354000,0.088020
IMC_PARA_IDADE,MASCULINO,77,-1.101700,15.367900,0.088330
IMC_PARA_IDADE,MASCULINO,78,-1.123000,15.382500,0.088650
IMC_PARA_IDADE,MASCULINO,79,-1.144100,15.397800,0.088980
IMC_PARA_IDADE,MASCULINO,80,-1.164900,15.413700,0.089310
IMC_PARA_IDADE,MASCULINO,81,-1.185600,15.430200,0.089640
IMC_PARA_IDADE,MASCULINO,82,-1.206000,15.447300,0.089980
IMC_PARA_IDADE,MASCULINO,83,-1.226100,15.465000,0.090330
IMC_PARA_IDADE,MASCULINO,84,-1.246000,15.483200,0.090680
IMC_PARA_IDADE,MASCULINO,85,-1.265600,15.501900,0.091030
IMC_PARA_IDADE,MASCULINO,86,-1.284900,15.521000,0.091390
IMC_PARA_IDADE,MASCULINO,87,-1.304000,15.540700,0.091760
IMC_PARA_IDADE,MASCULINO,88,-1.322800,15.560800,0.092130
IMC_PARA_IDADE,MASCULINO,89,-1.341400,15.581400,0.092510
IMC_PARA_IDADE,MASCULINO,90,-1.359600,15.602300,0.092890
IMC_PARA_IDADE,MASCULINO,91,-1.377600,15.623700,0.093270
IMC_PARA_IDADE,MASCULINO,92,-1.395300,15.645500,0.093660
IMC_PARA_IDADE,MASCULINO,93,-1.412600,15.667700,0.094060
IMC_PARA_IDADE,MASCULINO,94,-1.429700,15.690300,0.094450
IMC_PARA_IDADE,MASCULINO,95,-1.446400,15.713300,0.094860
IMC_PARA_IDADE,MASCULINO,96,-1.462900,15.736800,0.095260
IMC_PARA_IDADE,MASCULINO,97,-1.479000,15.760600,0.095670
IMC_PARA_IDADE,MASCULINO,98,-1.494700,15.784800,0.096090
IMC_PARA_IDADE,MASCULINO,99,-1.510100,15.809400,0.096510
IMC_PARA_IDADE,MASCULINO,100,-1.525200,15.834400,0.096930
IMC_PARA_IDADE,MASCULINO,101,-1.539900,15.859700,0.097350
IMC_PARA_IDADE,MASCULINO,102,-1.554200,15.885500,0.097780
IMC_PARA_IDADE,MASCULINO,103,-1.568100,15.911600,0.098210
IMC_PARA_IDADE,MASCULINO,104,-1.581700,15.938100,0.098640
IMC_PARA_IDADE,MASCULINO,105,-1.594800,15.965100,0.099070
IMC_PARA_IDADE,MASCULINO,106,-1.607600,15.992500,0.099510
IMC_PARA_IDADE,MASCULINO,107,-1.619900,16.020500,0.099940
IMC_PARA_IDADE,MASCULINO,108,-1.631800,16.049000,0.100380
IMC_PARA_IDADE,MASCULINO,109,-1.643300,16.078100,0.100820
IMC_PARA_IDADE,MASCULINO,110,-1.654400,16.107800,0.101260
IMC_PARA_IDADE,MASCULINO,111,-1.665100,16.138100,0.101700
IMC_PARA_IDADE,MASCULINO,112,-1.675300,16.169200,0.102140
IMC_PARA_IDADE,MASCULINO,113,-1.685100,16.200900,0.102590
IMC_PARA_IDADE,MASCULINO,114,-1.694400,16.233300,0.103030
IMC_PARA_IDADE,MASCULINO,115,-1.703200,16.266500,0.103470
IMC_PARA_IDADE,MASCULINO,116,-1.711600,16.300400,0.103910
IMC_PARA_IDADE,MASCULINO,117,-1.719600,16.335100,0.104350
IMC_PARA_IDADE,MASCULINO,118,-1.727100,16.370400,0.104780
IMC_PARA_IDADE,MASCULINO,119,-1.734100,16.406500,0.105220
IMC_PARA_IDADE,MASCULINO,120,-1.740700,16.443300,0.105660
IMC_PARA_IDADE,MASCULINO,121,-1.746800,16.480700,0.106090
IMC_PARA_IDADE,MASCULINO,122,-1.752500,16.518900,0.106520
IMC_PARA_IDADE,MASCULINO,123,-1.757800,16.557800,0.106950
IMC_PARA_IDADE,MASCULINO,124,-1.762600,16.597400,0.107380
IMC_PARA_IDADE,MASCULINO,125,-1.767000,16.637600,0.107800
IMC_PARA_IDADE,MASCULINO,126,-1.771000,16.678600,0.108230
IMC_PARA_IDADE,MASCULINO,127,-1.774500,16.720300,0.108650
IMC_PARA_IDADE,MASCULINO,128,-1.777700,16.762800,0.109060
IMC_PARA_IDADE,MASCULINO,129,-1.780400,16.805900,0.109480
IMC_PARA_IDADE,MASCULINO,130,-1.782800,16.849700,0.109890
IMC_PARA_IDADE,MASCULINO,131,-1.784700,16.894100,0.110300
IMC_PARA_IDADE,MASCULINO,132,-1.786200,16.939200,0.110700
IMC_PARA_IDADE,MASCULINO,133,-1.787300,16.985000,0.111100
IMC_PARA_IDADE,MASCULINO,134,-1.788100,17.031400,0.111500
IMC_PARA_IDADE,MASCULINO,135,-1.788400,17.078400,0.111890
IMC_PARA_IDADE,MASCULINO,136,-1.788400,17.126200,0.112280
IMC_PARA_IDADE,MASCULINO,137,-1.788000,17.174600,0.112660
IMC_PARA_IDADE,MASCULINO,138,-1.787300,17.223600,0.113040
IMC_PARA_IDADE,MASCULINO,139,-1.786100,17.273400,0.113420
IMC_PARA_IDADE,MASCULINO,140,-1.784600,17.324000,0.113790
IMC_PARA_IDADE,MASCULINO,141,-1.782800,17.375200,0.114150
IMC_PARA_IDADE,MASCULINO,142,-1.780600,17.427200,0.114510
IMC_PARA_IDADE,MASCULINO,143,-1.778000,17.479900,0.114870
IMC_PARA_IDADE,MASCULINO,144,-1.775100,17.533400,0.115220
IMC_PARA_IDADE,MASCULINO,145,-1.771900,17.587700,0.115560
IMC_PARA_IDADE,MASCULINO,146,-1.768400,17.642700,0.115900
IMC_PARA_IDADE,MASCULINO,147,-1.764500,17.698500,0.116230
IMC_PARA_IDADE,MASCULINO,148,-1.760400,17.755100,0.116560
IMC_PARA_IDADE,MASCULINO,149,-1.755900,17.812400,0.116880
IMC_PARA_IDADE,MASCULINO,150,-1.751100,17.870400,0.117200
IMC_PARA_IDADE,MASCULINO,151,-1.746100,17.929200,0.117510
IMC_PARA_IDADE,MASCULINO,152,-1.740800,17.988700,0.117810
IMC_PARA_IDADE,MASCULINO,153,-1.735200,18.048800,0.118110
IMC_PARA_IDADE,MASCULINO,154,-1.729300,18.109600,0.118410
IMC_PARA_IDADE,MASCULINO,155,-1.723200,18.171000,0.118690
IMC_PARA_IDADE,MASCULINO,156,-1.716800,18.233000,0.118980
IMC_PARA_IDADE,MASCULINO,157,-1.710200,18.295500,0.119250
IMC_PARA_IDADE,MASCULINO,158,-1.703300,18.358600,0.119520
IMC_PARA_IDADE,MASCULINO,159,-1.696200,18.422100,0.119790
IMC_PARA_IDADE,MASCULINO,160,-1.688800,18.486000,0.120050
IMC_PARA_IDADE,MASCULINO,161,-1.681100,18.550200,0.120300
IMC_PARA_IDADE,MASCULINO,162,-1.673200,18.614800,0.120550
IMC_PARA_IDADE,MASCULINO,163,-1.665100,18.679500,0.120790
IMC_PARA_IDADE,MASCULINO,164,-1.656800,18.744500,0.121020
IMC_PARA_IDADE,MASCULINO,165,-1.648200,18.809500,0.121250
IMC_PARA_IDADE,MASCULINO,166,-1.639400,18.874600,0.121480
IMC_PARA_IDADE,MASCULINO,167,-1.630400,18.939800,0.121700
IMC_PARA_IDADE,MASCULINO,168,-1.621100,19.005000,0.121910
IMC_PARA_IDADE,MASCULINO,169,-1.611600,19.070100,0.122120
IMC_PARA_IDADE,MASCULINO,170,-1.602000,19.135100,0.122330
IMC_PARA_IDADE,MASCULINO,171,-1.592100,19.200000,0.122530
IMC_PARA_IDADE,MASCULINO,172,-1.582100,19.264800,0.122720
IMC_PARA_IDADE,MASCULINO,173,-1.571900,19.329400,0.122910
IMC_PARA_IDADE,MASCULINO,174,-1.561500,19.393700,0.123100
IMC_PARA_IDADE,MASCULINO,175,-1.551000,19.457800,0.123280
IMC_PARA_IDADE,MASCULINO,176,-1.540300,19.521700,0.123460
IMC_PARA_IDADE,MASCULINO,177,-1.529400,19.585300,0.123630
IMC_PARA_IDADE,MASCULINO,178,-1.518500,19.648600,0.123800
IMC_PARA_IDADE,MASCULINO,179,-1.507400,19.711700,0.123960
IMC_PARA_IDADE,MASCULINO,180,-1.496100,19.774400,0.124120
IMC_PARA_IDADE,MASCULINO,181,-1.484800,19.836700,0.124280
IMC_PARA_IDADE,MASCULINO,182,-1.473300,19.898700,0.124430
IMC_PARA_IDADE,MASCULINO,183,-1.461700,19.960300,0.124580
IMC_PARA_IDADE,MASCULINO,184,-1.450000,20.021500,0.124730
IMC_PARA_IDADE,MASCULINO,185,-1.438200,20.082300,0.124870
IMC_PARA_IDADE,MASCULINO,186,-1.426300,20.142700,0.125010
IMC_PARA_IDADE,MASCULINO,187,-1.414300,20.202600,0.125140
IMC_PARA_IDADE,MASCULINO,188,-1.402200,20.262100,0.125280
IMC_PARA_IDADE,MASCULINO,189,-1.390000,20.321100,0.125410
IMC_PARA_IDADE,MASCULINO,190,-1.377700,20.379600,0.125540
IMC_PARA_IDADE,MASCULINO,191,-1.365300,20.437600,0.125670
IMC_PARA_IDADE,MASCULINO,192,-1.352900,20.495100,0.125790
IMC_PARA_IDADE,MASCULINO,193,-1.340300,20.552100,0.125910
IMC_PARA_IDADE,MASCULINO,194,-1.327700,20.608500,0.126030
IMC_PARA_IDADE,MASCULINO,195,-1.314900,20.664400,0.126150
IMC_PARA_IDADE,MASCULINO,196,-1.302100,20.719700,0.126270
IMC_PARA_IDADE,MASCULINO,197,-1.289200,20.774500,0.126380
IMC_PARA_IDADE,MASCULINO,198,-1.276200,20.828700,0.126500
IMC_PARA_IDADE,MASCULINO,199,-1.263100,20.882400,0.126610
IMC_PARA_IDADE,MASCULINO,200,-1.249900,20.935500,0.126720
IMC_PARA_IDADE,MASCULINO,201,-1.236600,20.988100,0.126830
IMC_PARA_IDADE,MASCULINO,202,-1.223300,21.040000,0.126940
IMC_PARA_IDADE,MASCULINO,203,-1.209800,21.091400,0.127040
IMC_PARA_IDADE,MASCULINO,204,-1.196200,21.142300,0.127150
IMC_PARA_IDADE,MASCULINO,205,-1.182600,21.192500,0.127260
IMC_PARA_IDADE,MASCULINO,206,-1.168800,21.242300,0.127360
IMC_PARA_IDADE,MASCULINO,207,-1.155000,21.291400,0.127460
IMC_PARA_IDADE,MASCULINO,208,-1.141000,21.340000,0.127560
IMC_PARA_IDADE,MASCULINO,209,-1.127000,21.388000,0.127670
IMC_PARA_IDADE,MASCULINO,210,-1.112900,21.435400,0.127770
IMC_PARA_IDADE,MASCULINO,211,-1.098600,21.482200,0.127870
IMC_PARA_IDADE,MASCULINO,212,-1.084300,21.528500,0.127970
IMC_PARA_IDADE,MASCULINO,213,-1.069900,21.574200,0.128070
IMC_PARA_IDADE,MASCULINO,214,-1.055300,21.619300,0.128160
IMC_PARA_IDADE,MASCULINO,215,-1.040700,21.663800,0.128260
IMC_PARA_IDADE,MASCULINO,216,-1.026000,21.707700,0.128360
IMC_PARA_IDADE,MASCULINO,217,-1.011200,21.751000,0.128450
IMC_PARA_IDADE,MASCULINO,218,-0.996200,21.793700,0.128550
IMC_PARA_IDADE,MASCULINO,219,-0.981200,21.835800,0.128640
IMC_PARA_IDADE,MASCULINO,220,-0.966100,21.877300,0.128740
IMC_PARA_IDADE,MASCULINO,221,-0.950900,21.918200,0.128830
IMC_PARA_IDADE,MASCULINO,222,-0.935600,21.958500,0.128930
IMC_PARA_IDADE,MASCULINO,223,-0.920200,21.998200,0.129020
IMC_PARA_IDADE,MASCULINO,224,-0.904800,22.037400,0.129110
IMC_PARA_IDADE,MASCULINO,225,-0.889200,22.076000,0.129200
IMC_PARA_IDADE,MASCULINO,226,-0.873500,22.114000,0.129300
IMC_PARA_IDADE,MASCULINO,227,-0.857800,22.151400,0.129390
IMC_PARA_IDADE,MASCULINO,228,-0.841900,22.188300,0.129480
